{
    "metrics": {
        "detalhes_fail_count": {
            "count": 3414,
            "rate": 4.706653750443371
        },
        "vus_max": {
            "value": 1000,
            "min": 1000,
            "max": 1000
        },
        "detalhes_success_count": {
            "count": 31246,
            "rate": 43.0767730188499
        },
        "iteration_duration": {
            "avg": 10977.728400248097,
            "min": 6128.0807,
            "med": 9545.9019,
            "max": 49933.3987,
            "p(90)": 18792.653049999997,
            "p(95)": 22155.155529999967
        },
        "http_req_duration": {
            "avg": 1493.3858401881082,
            "min": 154.1089,
            "med": 248.1283,
            "max": 39037.4271,
            "p(90)": 3964.07034,
            "p(95)": 6924.214469999995,
            "thresholds": {
                "p(95)<2000": true
            }
        },
        "http_req_sending": {
            "max": 80.9,
            "p(90)": 0.5104,
            "p(95)": 0.6076,
            "avg": 0.11599580216815851,
            "min": 0,
            "med": 0
        },
        "vus": {
            "value": 3,
            "min": 2,
            "max": 1000
        },
        "http_req_duration{expected_response:true}": {
            "med": 248.1283,
            "max": 39037.4271,
            "p(90)": 3964.07034,
            "p(95)": 6924.214469999995,
            "avg": 1493.3858401881082,
            "min": 154.1089
        },
        "http_req_receiving": {
            "p(95)": 12.823019999999996,
            "avg": 13.625534032731585,
            "min": 0,
            "med": 0.4054,
            "max": 16641.1117,
            "p(90)": 9.5993
        },
        "data_received": {
            "count": 5293347435,
            "rate": 7297584.52177579
        },
        "update_request_duration_main": {
            "max": 39037.4271,
            "p(90)": 9394.7826,
            "p(95)": 13259.6406,
            "avg": 3753.4407394910536,
            "min": 544.2631,
            "med": 2467.8188,
            "thresholds": {
                "p(95)<1000": true
            }
        },
        "http_req_blocked": {
            "p(90)": 0,
            "p(95)": 0,
            "avg": 0.729158406122199,
            "min": 0,
            "med": 0,
            "max": 5237.4268
        },
        "http_req_connecting": {
            "avg": 0.3351067100394536,
            "min": 0,
            "med": 0,
            "max": 3056.1026,
            "p(90)": 0,
            "p(95)": 0
        },
        "http_req_tls_handshaking": {
            "p(90)": 0,
            "p(95)": 0,
            "avg": 0.390023300130551,
            "min": 0,
            "med": 0,
            "max": 4175.2923
        },
        "data_sent": {
            "count": 20198759,
            "rate": 27846.679789587517
        },
        "main_fail_count": {
            "count": 10289,
            "rate": 14.184757011807804
        },
        "http_req_failed": {
            "passes": 0,
            "fails": 138643,
            "thresholds": {
                "rate<0.1": false
            },
            "value": 0
        },
        "http_reqs": {
            "rate": 191.13784297677805,
            "count": 138643
        },
        "checks": {
            "passes": 124939,
            "fails": 13703,
            "value": 0.9011627068276569
        },
        "iterations": {
            "count": 34660,
            "rate": 47.78342676929327
        },
        "update_request_duration_second": {
            "avg": 1814.9279230525194,
            "min": 195.65,
            "med": 1101.16505,
            "max": 26569.909,
            "p(90)": 3950.9581800000014,
            "p(95)": 7050.838744999964,
            "thresholds": {
                "p(95)<1000": true
            }
        },
        "http_req_waiting": {
            "avg": 1479.6443103532097,
            "min": 154.1089,
            "med": 247.3305,
            "max": 39028.7152,
            "p(90)": 3887.3462600000003,
            "p(95)": 6858.447459999994
        },
        "main_success_count": {
            "count": 24372,
            "rate": 33.60004839068712
        }
    },
    "root_group": {
        "checks": {
            "Main status é 200": {
                "name": "Main status é 200",
                "path": "::Main status é 200",
                "id": "dbdabf46e24131accb4e943c12ae113c",
                "passes": 34661,
                "fails": 0
            },
            "Main tempo < 4s": {
                "name": "Main tempo < 4s",
                "path": "::Main tempo < 4s",
                "id": "5f262b5e09bfed4a8b0b559585eba7ac",
                "passes": 24372,
                "fails": 10289
            },
            "Detalhes status é 200": {
                "name": "Detalhes status é 200",
                "path": "::Detalhes status é 200",
                "id": "1387e1904c2ef33266c3bdb6d757621e",
                "passes": 34660,
                "fails": 0
            },
            "Detalhes tempo < 4s": {
                "passes": 31246,
                "fails": 3414,
                "name": "Detalhes tempo < 4s",
                "path": "::Detalhes tempo < 4s",
                "id": "34cfcedb64979feb11693e12ea4a87a0"
            }
        },
        "name": "",
        "path": "",
        "id": "d41d8cd98f00b204e9800998ecf8427e",
        "groups": {}
    }
}